{"accuracy": 0.9341065934979629, "precision": 0.5399239543726235}