{"accuracy": 0.9327346803026524, "precision": 0.5135135135135135}