{"accuracy": 0.9331504115739586, "precision": 0.5435992578849722}