{"accuracy": 0.9312796208530806, "precision": 0.5027726432532348}