{"accuracy": 0.9304481583104681}{"precision": 0.9304481583104681}