{"accuracy": 0.9297829882763782, "precision": 0.5057471264367817}